"荷主コード","荷主名","拠点コード","拠点名","商品コード","枝番","商品名","上位商品コード","JANコード","ITFコード","カテゴリー名","仕入先コード","仕入先名","在庫数","数量単位","引当数","未引当数","入荷実績数","出荷実績数","属性１","属性２","属性３","ロットNo","製造日","賞味期限","入荷日","在庫区分名","入庫No","出荷期限","最終入庫日","最終出庫日"
"000250","CRAFT WONDER","001","ソネッティーク","4595989933013","","★【ビール】Barrel Wonder　Amber Ale 001【370ml】","","","","","","","38","","2","36","0","12","","","","","","2027/05/31","2026/06/03","通常品","260731066906","2027/05/31","2026/08/24","2026/09/02"
"000250","CRAFT WONDER","001","ソネッティーク","4595989933013","","★【ビール】Barrel Wonder　Amber Ale 001【370ml】","","","","","","","8","","0","8","0","0","","","","","","2027/05/31","2026/06/26","通常品","260731066907","2027/05/31","2026/07/31",""
"000250","CRAFT WONDER","001","ソネッティーク","4595989933013","","★【ビール】Barrel Wonder　Amber Ale 001【370ml】","","","","","","","8","","0","8","0","0","","","","","","2027/05/31","2026/07/31","通常品","260731066856","2027/05/31","2026/07/31",""
"000250","CRAFT WONDER","001","ソネッティーク","4595989933013","","★【ビール】Barrel Wonder　Amber Ale 001【370ml】","","","","","","","132","","0","132","0","0","","","","","","2027/06/30","2026/06/19","通常品","260731066909","2027/06/30","2026/07/31",""
"000250","CRAFT WONDER","001","ソネッティーク","4595989933037","","★【ビール】Eisbock Wonder 001【370ml】","","","","","","","4","","2","2","0","3","","","","","","2027/04/30","2026/07/31","通常品","260731066857","2027/04/30","2026/07/31","2026/09/02"
"000250","CRAFT WONDER","001","ソネッティーク","4595989933037","","★【ビール】Eisbock Wonder 001【370ml】","","","","","","","72","","0","72","0","0","","","","","","2027/05/31","2026/06/03","通常品","260731066913","2027/05/31","2026/07/31",""
"000250","CRAFT WONDER","001","ソネッティーク","4595989933037","","★【ビール】Eisbock Wonder 001【370ml】","","","","","","","72","","0","72","0","0","","","","","","2027/06/30","2026/06/19","通常品","260731066914","2027/06/30","2026/07/31",""
"000250","CRAFT WONDER","001","ソネッティーク","4595989933068","","★【ウイスキー】Rice Whisky Wonder MIZUNARA【14年】","","","","","","","323","","0","323","0","1","","","","","","","2024/06/21","通常品","240621023819","","2024/06/21","2026/08/28"
"000250","CRAFT WONDER","001","ソネッティーク","4595989933068","","★【ウイスキー】Rice Whisky Wonder MIZUNARA【14年】","","","","","","","30","","0","30","0","0","","","","","","","2024/09/11","通常品","240911026543","","2024/09/11",""
"000250","CRAFT WONDER","001","ソネッティーク","4595989933068","","★【ウイスキー】Rice Whisky Wonder MIZUNARA【14年】","","","","","","","8","","0","8","0","0","","","","","","","2024/09/12","通常品","240912026586","","2024/09/12",""
"000250","CRAFT WONDER","001","ソネッティーク","4595989933068","","★【ウイスキー】Rice Whisky Wonder MIZUNARA【14年】","","","","","","","21","","0","21","0","0","","","","","","","2024/11/18","通常品","241118034025","","2024/11/18",""
"000250","CRAFT WONDER","001","ソネッティーク","4595989933068","","★【ウイスキー】Rice Whisky Wonder MIZUNARA【14年】","","","","","","","6","","0","6","0","0","","","","","","","2024/11/19","通常品","241119034043","","2024/11/19",""
"000250","CRAFT WONDER","001","ソネッティーク","4595989933068","","★【ウイスキー】Rice Whisky Wonder MIZUNARA【14年】","","","","","","","8","","0","8","0","0","","","","","","","2024/12/26","通常品","241226036208","","2024/12/26",""
"000250","CRAFT WONDER","001","ソネッティーク","4595989933068","","★【ウイスキー】Rice Whisky Wonder MIZUNARA【14年】","","","","","","","3","","0","3","0","0","","","","","","","2025/02/27","通常品","250227040185","","2025/02/27",""
"000250","CRAFT WONDER","001","ソネッティーク","4595989933068","","★【ウイスキー】Rice Whisky Wonder MIZUNARA【14年】","","","","","","","3","","0","3","0","0","","","","","","","2025/03/03","通常品","250303040216","","2025/03/03",""
"000250","CRAFT WONDER","001","ソネッティーク","4595989933068","","★【ウイスキー】Rice Whisky Wonder MIZUNARA【14年】","","","","","","","1","","0","1","0","0","","","","","","","2025/03/14","通常品","250314043809","","2025/03/14",""
"000250","CRAFT WONDER","001","ソネッティーク","4595989933068","","★【ウイスキー】Rice Whisky Wonder MIZUNARA【14年】","","","","","","","10","","0","10","0","0","","","","","","","2025/03/18","通常品","250318043912","","2025/03/18",""
"000250","CRAFT WONDER","001","ソネッティーク","4595989933068","","★【ウイスキー】Rice Whisky Wonder MIZUNARA【14年】","","","","","","","2","","0","2","0","0","","","","","","","2025/04/16","通常品","250416045449","","2025/04/16",""
"000250","CRAFT WONDER","001","ソネッティーク","4595989933068","","★【ウイスキー】Rice Whisky Wonder MIZUNARA【14年】","","","","","","","1","","0","1","0","0","","","","","","","2025/05/19","通常品","250519045901","","2025/05/19",""
"000250","CRAFT WONDER","001","ソネッティーク","4595989933068","","★【ウイスキー】Rice Whisky Wonder MIZUNARA【14年】","","","","","","","3","","0","3","0","0","","","","","","","2025/06/06","通常品","250606046591","","2025/06/06",""
"000250","CRAFT WONDER","001","ソネッティーク","4595989933068","","★【ウイスキー】Rice Whisky Wonder MIZUNARA【14年】","","","","","","","5","","0","5","0","0","","","","","","","2025/07/23","通常品","250723047691","","2025/07/23",""
"000250","CRAFT WONDER","001","ソネッティーク","4595989933068","","★【ウイスキー】Rice Whisky Wonder MIZUNARA【14年】","","","","","","","700","","0","700","0","0","","","","","","","2025/08/26","通常品","250826049593","","2025/08/26",""
"000250","CRAFT WONDER","001","ソネッティーク","4595989933068","","★【ウイスキー】Rice Whisky Wonder MIZUNARA【14年】","","","","","","","7","","0","7","0","0","","","","","","","2025/11/04","通常品","251104057144","","2025/12/22",""
"000250","CRAFT WONDER","001","ソネッティーク","4595989933068","","★【ウイスキー】Rice Whisky Wonder MIZUNARA【14年】","","","","","","","2","","0","2","0","0","","","","","","","2026/05/26","通常品","260526064848","","2026/05/26",""
"000250","CRAFT WONDER","001","ソネッティーク","4595989933068","","★【ウイスキー】Rice Whisky Wonder MIZUNARA【14年】","","","","","","","2","","0","2","0","0","","","","","","","2026/06/01","通常品","260601065115","","2026/06/01",""
"000250","CRAFT WONDER","001","ソネッティーク","4595989933068","","★【ウイスキー】Rice Whisky Wonder MIZUNARA【14年】","","","","","","","2","","0","2","0","0","","","","","","","2026/07/31","通常品","260731066858","","2026/07/31",""
"000250","CRAFT WONDER","001","ソネッティーク","4595989933075","","★【ビール】Yuzu White Wonder【310ml】","","","","","","","225","","0","225","0","0","","","","","","2027/08/31","2026/08/20","通常品","260820067668","2027/08/31","2026/08/20","2026/09/02"
"000250","CRAFT WONDER","001","ソネッティーク","4595989933075","","★【ビール】Yuzu White Wonder【310ml】","","","","","","","1","","0","1","0","0","B級品","","","","","2027/04/30","2026/05/26","通常品","260731066920","2027/04/30","2026/07/31",""
"000250","CRAFT WONDER","001","ソネッティーク","4595989933105","","★【ビール】Eisbock Wonder 001【310ml】","","","","","","","205","","0","205","0","60","","","","","","2026/10/31","2025/10/28","通常品","260731066921","2026/10/31","2026/08/24","2026/09/02"
"000250","CRAFT WONDER","001","ソネッティーク","4595989933105","","★【ビール】Eisbock Wonder 001【310ml】","","","","","","","14","","0","14","0","0","","","","","","2026/10/31","2026/02/04","通常品","260731066923","2026/10/31","2026/07/31",""
"000250","CRAFT WONDER","001","ソネッティーク","4595989933105","","★【ビール】Eisbock Wonder 001【310ml】","","","","","","","1","","0","1","0","0","","","","","","2026/10/31","2026/03/17","通常品","260731066924","2026/10/31","2026/07/31",""
"000250","CRAFT WONDER","001","ソネッティーク","4595989933105","","★【ビール】Eisbock Wonder 001【310ml】","","","","","","","10","","0","10","0","0","","","","","","2026/10/31","2026/05/26","通常品","260731066925","2026/10/31","2026/07/31",""
"000250","CRAFT WONDER","001","ソネッティーク","4595989933105","","★【ビール】Eisbock Wonder 001【310ml】","","","","","","","4","","0","4","0","0","","","","","","2026/10/31","2026/07/31","通常品","260731066861","2026/10/31","2026/07/31",""
"000250","CRAFT WONDER","001","ソネッティーク","4595989933112","","★【ビール】Barrel Wonder Amber Ale 001【310ml】","","","","","","","78","","0","78","0","60","","","","","","2026/10/31","2025/10/28","通常品","260731066926","2026/10/31","2026/07/31","2026/08/28"
"000250","CRAFT WONDER","001","ソネッティーク","4595989933112","","★【ビール】Barrel Wonder Amber Ale 001【310ml】","","","","","","","10","","0","10","0","0","","","","","","2026/10/31","2026/02/04","通常品","260731066927","2026/10/31","2026/07/31",""
"000250","CRAFT WONDER","001","ソネッティーク","4595989933112","","★【ビール】Barrel Wonder Amber Ale 001【310ml】","","","","","","","2","","0","2","0","0","","","","","","2026/10/31","2026/03/17","通常品","260731066928","2026/10/31","2026/07/31",""
"000250","CRAFT WONDER","001","ソネッティーク","4595989933112","","★【ビール】Barrel Wonder Amber Ale 001【310ml】","","","","","","","8","","0","8","0","0","","","","","","2026/10/31","2026/05/26","通常品","260731066929","2026/10/31","2026/07/31",""
"000250","CRAFT WONDER","001","ソネッティーク","4595989933112","","★【ビール】Barrel Wonder Amber Ale 001【310ml】","","","","","","","6","","0","6","0","0","","","","","","2026/10/31","2026/07/31","通常品","260731066862","2026/10/31","2026/07/31",""
"000250","CRAFT WONDER","001","ソネッティーク","4595989933129","","★【リキュール】STRAWBERRY WONDER【200ml】","","","","","","","1","","0","1","0","0","","","","","","","2026/05/26","通常品","260526064854","","2026/05/26",""
"000250","CRAFT WONDER","001","ソネッティーク","4595989933129","","★【リキュール】STRAWBERRY WONDER【200ml】","","","","","","","1","","0","1","0","0","B","","","","","","2025/09/02","通常品","250902050092","","2025/09/02",""
"000250","CRAFT WONDER","001","ソネッティーク","4595989933150","","★【ウイスキー】Bourbon【5年】","","","","","","","16","","0","16","0","0","","","","","","","2026/01/06","通常品","260106059887","","2026/01/06","2026/08/17"
"000250","CRAFT WONDER","001","ソネッティーク","4595989933204","","★【ビール】NON ALE WONDER【310ml】","","","","","","","170","","0","170","0","168","","","","","","2026/08/31","2025/08/26","通常品","260731066930","2026/08/31","2026/07/31","2026/08/27"
"000250","CRAFT WONDER","001","ソネッティーク","4595989933204","","★【ビール】NON ALE WONDER【310ml】","","","","","","","2","","0","2","0","0","","","","","","2026/08/31","2026/03/17","通常品","260731066931","2026/08/31","2026/07/31",""
"000250","CRAFT WONDER","001","ソネッティーク","4595989933204","","★【ビール】NON ALE WONDER【310ml】","","","","","","","12","","0","12","0","0","","","","","","2026/08/31","2026/03/19","通常品","260731066932","2026/08/31","2026/07/31",""
"000250","CRAFT WONDER","001","ソネッティーク","4595989933204","","★【ビール】NON ALE WONDER【310ml】","","","","","","","24","","0","24","0","0","","","","","","2026/08/31","2026/05/26","通常品","260731066933","2026/08/31","2026/07/31",""
"000250","CRAFT WONDER","001","ソネッティーク","4595989933204","","★【ビール】NON ALE WONDER【310ml】","","","","","","","8","","0","8","0","0","","","","","","2026/08/31","2026/07/31","通常品","260731066863","2026/08/31","2026/07/31",""
"000250","CRAFT WONDER","001","ソネッティーク","4595989933235","","★【リキュール】★002★ MANGO WONDER【200ml】","","","","","","","5","","0","5","0","0","","","","","","","2025/12/22","通常品","251222059677","","2025/12/22",""
"000250","CRAFT WONDER","001","ソネッティーク","4595989933235","","★【リキュール】★002★ MANGO WONDER【200ml】","","","","","","","9","","0","9","0","0","","","","","","","2026/02/04","通常品","260204060614","","2026/02/04",""
"000250","CRAFT WONDER","001","ソネッティーク","4595989933235","","★【リキュール】★002★ MANGO WONDER【200ml】","","","","","","","8","","0","8","0","0","","","","","","","2026/03/17","通常品","260317062704","","2026/03/17",""
"000250","CRAFT WONDER","001","ソネッティーク","4595989933235","","★【リキュール】★002★ MANGO WONDER【200ml】","","","","","","","2","","0","2","0","0","","","","","","","2026/05/26","通常品","260526064855","","2026/05/26",""
"000250","CRAFT WONDER","001","ソネッティーク","4595989933235","","★【リキュール】★002★ MANGO WONDER【200ml】","","","","","","","5","","0","5","0","0","","","","","","","2026/06/01","通常品","260601065117","","2026/06/01",""
"000250","CRAFT WONDER","001","ソネッティーク","4595989933259","","★【ウイスキー】MIZUNARA　12年（700ml）","","","","","","","137","","0","137","0","36","2026年2月充填分","","","","","","2026/04/28","通常品","260428063946","","2026/04/28","2026/09/01"
"000250","CRAFT WONDER","001","ソネッティーク","4595989933266","","★【ウイスキー】BOURBON　7年（700ml）","","","","","","","259","","2","257","0","38","2026年7月充填分","","","","","","2026/07/27","通常品","260727066731","","2026/07/27","2026/09/02"
"000250","CRAFT WONDER","001","ソネッティーク","4595989933266","","★【ウイスキー】BOURBON　7年（700ml）","","","","","","","4","","0","4","4","0","2026年7月充填分","","","","","","2026/08/31","通常品","260831068580","","2026/08/31",""
"000250","CRAFT WONDER","001","ソネッティーク","4595989933297","","Non Ale Wonder0.00%：370ml","","","","","","","6","","0","6","6","0","","","","","","","2026/08/31","通常品","260831068581","","2026/08/31",""
"000250","CRAFT WONDER","001","ソネッティーク","4595989933297","","Non Ale Wonder0.00%：370ml","","","","","","","180","","1","179","0","2","","","","","","2027/04/30","2026/07/06","通常品","260730066837","2027/04/30","2026/07/30","2026/09/02"
"000250","CRAFT WONDER","001","ソネッティーク","4595989933303","","Non Ale Wonder0.00% Yuzu：370ml","","","","","","","6","","0","6","6","0","","","","","","","2026/08/31","通常品","260831068582","","2026/08/31",""
"000250","CRAFT WONDER","001","ソネッティーク","4595989933303","","Non Ale Wonder0.00% Yuzu：370ml","","","","","","","173","","1","172","0","2","","","","","","2027/04/30","2026/07/06","通常品","260730066838","2027/04/30","2026/07/30","2026/09/02"
"000250","CRAFT WONDER","001","ソネッティーク","4595989933310","","Non Ale Wonder0.00% Ginger：370ml","","","","","","","6","","0","6","6","0","","","","","","","2026/08/31","通常品","260831068583","","2026/08/31",""
"000250","CRAFT WONDER","001","ソネッティーク","4595989933310","","Non Ale Wonder0.00% Ginger：370ml","","","","","","","173","","1","172","0","2","","","","","","2027/04/30","2026/07/06","通常品","260730066839","2027/04/30","2026/07/30","2026/09/02"
"000250","CRAFT WONDER","001","ソネッティーク","4595989933327","","【卸専売品】STRAWBERRY WONDER：500ml","","4595989933327","","","","","47","","0","47","0","10","2026年4月27日製造分","","","","","","2026/05/07","通常品","260507063954","","2026/05/07","2026/09/02"
"000250","CRAFT WONDER","001","ソネッティーク","4595989933327","","【卸専売品】STRAWBERRY WONDER：500ml","","4595989933327","","","","","1","","0","1","0","0","2026年4月27日製造分","","","","","","2026/05/21","通常品","260521064774","","2026/05/21","2026/06/26"
"000250","CRAFT WONDER","001","ソネッティーク","4595989933327","","【卸専売品】STRAWBERRY WONDER：500ml","","4595989933327","","","","","5","","0","5","0","0","2026年4月27日製造分","","","","","","2026/07/31","通常品","260731066865","","2026/07/31",""
"000250","CRAFT WONDER","001","ソネッティーク","4595989933327","","【卸専売品】STRAWBERRY WONDER：500ml","","4595989933327","","","","","31","","0","31","0","0","2026年4月27日製造分","","","","","","2026/08/24","通常品","260824068277","","2026/08/24",""
"000250","CRAFT WONDER","001","ソネッティーク","4595989933341","","【リキュール】MANGO WONDER（500ml）〈リニューアル版〉","","4595989933341","","","","","287","","0","287","0","3","2026年8月7日納品分","","","","","","2026/08/10","通常品","260810067512","","2026/08/10","2026/08/27"
"000250","CRAFT WONDER","001","ソネッティーク","BEER-B-250801","","●【ギフトボックス】Beer 310ml用ギフトボックス ver.1（取手付き）","","","","","","","205","","0","205","0","0","","","","","","","2025/08/26","通常品","250826049594","","2025/08/26","2026/07/16"
"000250","CRAFT WONDER","001","ソネッティーク","BEER-G-260201","","ビール310ml用　2本ギフトボックス","","","","","","","107","","0","107","0","0","","","","","","","2026/03/11","通常品","260311062654","","2026/03/11","2026/07/17"
"000250","CRAFT WONDER","001","ソネッティーク","BEER-G-260201","","ビール310ml用　2本ギフトボックス","","","","","","","15","","0","15","0","0","","","","","","","2026/03/19","通常品","260319062884","","2026/03/19",""
"000250","CRAFT WONDER","001","ソネッティーク","BEER-G-260501","","【ギフトボックス】ビール 3本用（370ml）","","","","","","","1159","","1","1158","0","2","","","","","","","2026/05/15","通常品","260515064633","","2026/05/15","2026/09/02"
"000250","CRAFT WONDER","001","ソネッティーク","BEER-G-260501","","【ギフトボックス】ビール 3本用（370ml）","","","","","","","5","","0","5","5","0","B級品","","","","","","2026/08/31","通常品","260831068663","","2026/08/31",""
"000250","CRAFT WONDER","001","ソネッティーク","BEER-G-260501","","【ギフトボックス】ビール 3本用（370ml）","","","","","","","1","","0","1","1","0","箱潰れ","","","","","","2026/08/31","通常品","260831068664","","2026/08/31",""
"000250","CRAFT WONDER","001","ソネッティーク","FD_C_260601","","【ギフト資材】父の日メッセージカード（名刺サイズ）","","","","","","","48","","0","48","0","0","","","","","","","2026/06/03","通常品","260603065251","","2026/06/03","2026/06/24"
"000250","CRAFT WONDER","001","ソネッティーク","FD_S_260601","","【ギフト資材】父の日ステッカー（ブルー×ホワイト）","","","","","","","70","","0","70","0","0","","","","","","","2026/06/03","通常品","260603065252","","2026/06/03","2026/06/24"
"000250","CRAFT WONDER","001","ソネッティーク","LQR-G2-250801","","●【ギフトボックス】200ml リキュール用 共通資材","","","","","","","494","","0","494","0","2","","","","","","","2025/08/26","通常品","250826049588","","2025/08/28","2026/09/01"
"000250","CRAFT WONDER","001","ソネッティーク","LQR-G2-250801","","●【ギフトボックス】200ml リキュール用 共通資材","","","","","","","34","","0","34","0","0","","","","","","","2025/09/02","通常品","250902050096","","2025/09/02",""
"000250","CRAFT WONDER","001","ソネッティーク","LQR-G2-250801","","●【ギフトボックス】200ml リキュール用 共通資材","","","","","","","46","","0","46","0","0","","","","","","","2026/02/04","通常品","260204060615","","2026/02/04",""
"000250","CRAFT WONDER","001","ソネッティーク","LQR-G2-250801","","●【ギフトボックス】200ml リキュール用 共通資材","","","","","","","8","","0","8","0","0","","","","","","","2026/03/17","通常品","260317062705","","2026/03/17",""
"000250","CRAFT WONDER","001","ソネッティーク","LQR-G2-250801","","●【ギフトボックス】200ml リキュール用 共通資材","","","","","","","9","","0","9","0","0","","","","","","","2026/03/19","通常品","260319062885","","2026/03/19",""
"000250","CRAFT WONDER","001","ソネッティーク","LQR-G2-250801","","●【ギフトボックス】200ml リキュール用 共通資材","","","","","","","23","","0","23","0","0","","","","","","","2026/03/31","通常品","260331063438","","2026/03/31",""
"000250","CRAFT WONDER","001","ソネッティーク","LQR-G2-250801","","●【ギフトボックス】200ml リキュール用 共通資材","","","","","","","1","","0","1","0","0","","","","","","","2026/05/26","通常品","260526064856","","2026/05/26",""
"000250","CRAFT WONDER","001","ソネッティーク","LQR-G2-250801","","●【ギフトボックス】200ml リキュール用 共通資材","","","","","","","19","","0","19","0","0","","","","","","","2026/06/01","通常品","260601065118","","2026/06/01",""
"000250","CRAFT WONDER","001","ソネッティーク","LQR-G2-250801","","●【ギフトボックス】200ml リキュール用 共通資材","","","","","","","79","","0","79","0","0","2025年12月1日製造分","","","","","","2025/08/26","通常品","260219061585","","2026/02/19","2026/08/05"
"000250","CRAFT WONDER","001","ソネッティーク","LQR-G2-250801","","●【ギフトボックス】200ml リキュール用 共通資材","","","","","","","2","","0","2","0","0","B級品","","","","","","2026/03/17","通常品","260317062706","","2026/03/17",""
"000250","CRAFT WONDER","001","ソネッティーク","LQR-G5-250801","","●【ギフトボックス】500ml リキュール用 共通資材","","","","","","","977","","0","977","0","0","","","","","","","2025/08/26","通常品","250826049589","","2025/08/26","2025/12/22"
"000250","CRAFT WONDER","001","ソネッティーク","MW-L-20250801","","▲【ノベルティ】マンゴー リーフレット","","","","","","","30","","0","30","0","0","","","","","","","2025/08/26","通常品","250826049590","","2025/08/26","2026/01/21"
"000250","CRAFT WONDER","001","ソネッティーク","NONA-C-260501","","注意書きカード（Non Ale Wonder0.00%　Yuzu）","","","","","","","1221","","1","1220","0","2","","","","","","","2026/05/15","通常品","260515064634","","2026/05/15","2026/09/02"
"000250","CRAFT WONDER","001","ソネッティーク","NONA-C-260501","","注意書きカード（Non Ale Wonder0.00%　Yuzu）","","","","","","","6","","0","6","6","0","","","","","","","2026/08/31","通常品","260831068584","","2026/08/31",""
"000250","CRAFT WONDER","001","ソネッティーク","NOSI-S-202607","","【ギフト資材】熨斗（176×385mm）〈お中元〉","","","","","","","40","","0","40","0","0","","","","","","","2026/06/30","通常品","260630065615","","2026/06/30","2026/07/14"
"000250","CRAFT WONDER","001","ソネッティーク","NOSI-W-251128","","●【ギフトボックス】熨斗（お歳暮）","","","","","","","12","","0","12","0","0","","","","","","","2025/12/15","通常品","251215058920","","2025/12/15","2026/08/05"
"000250","CRAFT WONDER","001","ソネッティーク","RWWMbox","","■【化粧箱】ウイスキー 化粧箱","","","","","","","1233","","0","1233","0","1","","","","","","","2024/06/19","通常品","240619023818","","2025/08/28","2026/08/28"
"000250","CRAFT WONDER","001","ソネッティーク","RWWMbox","","■【化粧箱】ウイスキー 化粧箱","","","","","","","2","","0","2","0","0","","","","","","","2026/06/01","通常品","260601065119","","2026/06/01",""
"000250","CRAFT WONDER","001","ソネッティーク","RWWMbox","","■【化粧箱】ウイスキー 化粧箱","","","","","","","2","","0","2","0","0","B級品","","","","","","2026/05/26","通常品","260528064862","","2026/05/28",""
"000250","CRAFT WONDER","001","ソネッティーク","RWWMbox","","■【化粧箱】ウイスキー 化粧箱","","","","","","","2","","0","2","0","0","B級品","","","","","","2026/07/31","通常品","260731066866","","2026/07/31",""
"000250","CRAFT WONDER","001","ソネッティーク","RWWMbox_P","","▲【ノベルティ】ウイスキー 紙袋","","","","","","","995","","0","995","0","1","","","","","","","2025/08/27","通常品","250827049595","","2025/12/19","2026/08/28"
"000250","CRAFT WONDER","001","ソネッティーク","RWWMbox_P","","▲【ノベルティ】ウイスキー 紙袋","","","","","","","12","","0","12","0","0","","","","","","","2026/06/01","通常品","260601065120","","2026/06/01",""
"000250","CRAFT WONDER","001","ソネッティーク","RWWMbox_P","","▲【ノベルティ】ウイスキー 紙袋","","","","","","","2","","0","2","0","0","","","","","","","2026/07/31","通常品","260731066867","","2026/07/31",""
"000250","CRAFT WONDER","001","ソネッティーク","SW-C-260501","","【同梱物】STRAWBERRY WONDER 飲み方カード（名刺サイズ）","","","","","","","93","","0","93","0","0","","","","","","","2026/05/28","通常品","260528064863","","2026/05/28","2026/08/04"
"000250","CRAFT WONDER","001","ソネッティーク","SW-NOV-251201","","▲【ノベルティ】STRAWBERRY WONDER ミニボトル","","","","","","","16","","0","16","0","0","","","","","","","2026/05/26","通常品","260526064847","","2026/05/26","2026/06/16"
"000250","CRAFT WONDER","001","ソネッティーク","SW200_giftbox","","●【ギフトボックス】STRAWBERRY WONDER【200ml】","","","","","","","11","","0","11","0","0","","","","","","","2026/06/01","通常品","260601065121","","2026/06/01","2026/06/24"
"000250","CRAFT WONDER","001","ソネッティーク","SW200_giftbox","","●【ギフトボックス】STRAWBERRY WONDER【200ml】","","","","","","","1","","0","1","0","0","B級品","","","","","","2026/05/21","通常品","260521064772","","2026/05/21",""
"000250","CRAFT WONDER","001","ソネッティーク","SW200_giftbox","","●【ギフトボックス】STRAWBERRY WONDER【200ml】","","","","","","","3","","0","3","0","0","B級品","","","","","","2026/06/01","通常品","260601065122","","2026/06/01",""
"000250","CRAFT WONDER","001","ソネッティーク","SW500_giftbox","","●【ギフトボックス】STRAWBERRY WONDER【500ml】","","","","","","","298","","0","298","0","0","","","","","","","2025/03/14","通常品","250314043788","","2025/03/14","2026/04/22"
"000250","CRAFT WONDER","001","ソネッティーク","SW500_giftbox","","●【ギフトボックス】STRAWBERRY WONDER【500ml】","","","","","","","12","","0","12","0","0","","","","","","","2026/02/04","通常品","260204060617","","2026/02/04","2026/04/10"
"000250","CRAFT WONDER","001","ソネッティーク","SW500_giftbox","","●【ギフトボックス】STRAWBERRY WONDER【500ml】","","","","","","","9","","0","9","0","0","2025年12月1日製造分","","","","","","2025/03/14","通常品","260310062642","","2026/03/10","2026/03/10"
"000250","CRAFT WONDER","001","ソネッティーク","WHKY-G-260801","","【化粧箱】ウイスキーギフトボックス（700ml）〈共通資材〉","","","","","","","469","","2","467","0","3","2026年7月充填分","","","","","","2026/08/06","通常品","260810067462","","2026/08/10","2026/09/01"
"000250","CRAFT WONDER","001","ソネッティーク","YUZU-L-250501","","▲【ノベルティ】ユズ リーフレット","","","","","","","19","","0","19","0","0","","","","","","","2026/02/04","通常品","260204060618","","2026/02/04","2026/08/10"
"000250","CRAFT WONDER","001","ソネッティーク","giftbox","","●【ギフトボックス】ビール ギフト用","","","","","","","236","","2","234","0","9","","","","","","","2024/05/15","通常品","240515023688","","2026/02/27","2026/09/02"
"000250","CRAFT WONDER","001","ソネッティーク","giftbox","","●【ギフトボックス】ビール ギフト用","","","","","","","24","","0","24","0","0","","","","","","","2026/03/31","通常品","260331063439","","2026/03/31",""
"000250","CRAFT WONDER","001","ソネッティーク","giftbox","","●【ギフトボックス】ビール ギフト用","","","","","","","1","","0","1","0","0","","","","","","","2026/05/26","通常品","260526064858","","2026/05/26",""
"000250","CRAFT WONDER","001","ソネッティーク","giftbox","","●【ギフトボックス】ビール ギフト用","","","","","","","12","","0","12","0","0","","","","","","","2026/06/01","通常品","260601065123","","2026/06/01",""
"000250","CRAFT WONDER","001","ソネッティーク","giftbox","","●【ギフトボックス】ビール ギフト用","","","","","","","8","","0","8","0","0","","","","","","","2026/06/26","通常品","260626065611","","2026/06/26",""
"000250","CRAFT WONDER","001","ソネッティーク","giftbox","","●【ギフトボックス】ビール ギフト用","","","","","","","8","","0","8","0","0","B級品","","","","","","2026/07/31","通常品","260731066868","","2026/07/31",""
"000250","CRAFT WONDER","001","ソネッティーク","giftbox_P","","▲【ノベルティ】ビール 紙袋","","","","","","","2457","","2","2455","0","9","","","","","","","2025/08/27","通常品","250827049596","","2026/03/06","2026/09/02"
"000250","CRAFT WONDER","001","ソネッティーク","giftbox_P","","▲【ノベルティ】ビール 紙袋","","","","","","","64","","0","64","0","0","","","","","","","2026/01/22","通常品","260122060162","","2026/01/29","2026/04/10"
"000250","CRAFT WONDER","001","ソネッティーク","giftbox_P","","▲【ノベルティ】ビール 紙袋","","","","","","","196","","0","196","0","0","","","","","","","2026/02/04","通常品","260204060619","","2026/06/26",""
"000250","CRAFT WONDER","001","ソネッティーク","giftbox_P","","▲【ノベルティ】ビール 紙袋","","","","","","","120","","0","120","0","0","","","","","","","2026/03/31","通常品","260331063440","","2026/04/01",""
"000250","CRAFT WONDER","001","ソネッティーク","giftbox_P","","▲【ノベルティ】ビール 紙袋","","","","","","","340","","0","340","0","0","","","","","","","2026/05/15","通常品","260515064697","","2026/05/15",""
"000250","CRAFT WONDER","001","ソネッティーク","giftbox_P","","▲【ノベルティ】ビール 紙袋","","","","","","","20","","0","20","0","0","","","","","","","2026/05/21","通常品","260521064773","","2026/05/21",""
"000250","CRAFT WONDER","001","ソネッティーク","giftbox_P","","▲【ノベルティ】ビール 紙袋","","","","","","","92","","0","92","0","0","","","","","","","2026/06/01","通常品","260601065124","","2026/06/01",""
"000250","CRAFT WONDER","001","ソネッティーク","leaflet","","▲【ノベルティ】ビール リーフレット","","","","","","","229","","2","227","0","9","","","","","","","2026/06/30","通常品","260630065614","","2026/06/30","2026/09/02"
"000250","CRAFT WONDER","001","ソネッティーク","leaflet","","▲【ノベルティ】ビール リーフレット","","","","","","","8","","0","8","0","0","","","","","","","2026/07/31","通常品","260731066869","","2026/07/31",""
"000250","CRAFT WONDER","001","ソネッティーク","leaflet","","▲【ノベルティ】ビール リーフレット","","","","","","","1","","0","1","0","0","B級品","","","","","","2026/05/26","通常品","260526064859","","2026/05/26",""
"000250","CRAFT WONDER","001","ソネッティーク","leaflet","","▲【ノベルティ】ビール リーフレット","","","","","","","1","","0","1","0","0","B級品","","","","","","2026/06/01","通常品","260601065126","","2026/06/01",""
"000250","CRAFT WONDER","001","ソネッティーク","leaflet_w","","▲【ノベルティ】ウイスキー リーフレット","","","","","","","1260","","0","1260","0","1","","","","","","","2025/08/27","通常品","250827049598","","2025/08/28","2026/08/28"
"000250","CRAFT WONDER","001","ソネッティーク","leaflet_w","","▲【ノベルティ】ウイスキー リーフレット","","","","","","","1","","0","1","0","0","","","","","","","2026/05/26","通常品","260526064851","","2026/05/26",""
"000250","CRAFT WONDER","001","ソネッティーク","leaflet_w","","▲【ノベルティ】ウイスキー リーフレット","","","","","","","2","","0","2","0","0","","","","","","","2026/06/01","通常品","260601065127","","2026/06/01",""
"000250","CRAFT WONDER","001","ソネッティーク","leaflet_w","","▲【ノベルティ】ウイスキー リーフレット","","","","","","","2","","0","2","0","0","","","","","","","2026/07/31","通常品","260731066870","","2026/07/31",""
